{"train_pde_loss": 0.023963363841176033, "epoch": 0, "trainer/global_step": 5711, "_timestamp": 1672720741.1627123, "_runtime": 416.8041443824768, "_step": 0}