{"train_pde_loss": 0.00017314021533820778, "epoch": 2, "trainer/global_step": 17135, "_timestamp": 1672717464.7549987, "_runtime": 1092.7215757369995, "_step": 2, "_wandb": {"runtime": 1367}}