{"train_pde_loss": 0.00010960632062051445, "epoch": 999, "trainer/global_step": 3037999, "_timestamp": 1672292248.5191965, "_runtime": 49938.46167445183, "_step": 999}