{"train_pde_loss": Infinity, "epoch": 49, "trainer/global_step": 285599, "_timestamp": 1672405678.6956208, "_runtime": 14020.266201734543, "_step": 49, "_wandb": {"runtime": 14028}}